<?xml version="1.0" encoding="UTF-8"?>
<project-private xmlns="http://www.netbeans.org/ns/project-private/1">
    <editor-bookmarks xmlns="http://www.netbeans.org/ns/editor-bookmarks/2" lastBookmarkId="0"/>
    <open-files xmlns="http://www.netbeans.org/ns/projectui-open-files/2">
        <group>
            <file>file:/D:/Software%20DTU/java/CMUCS303_LeMinhTuan/NetBeans/DoAn/src/com/Bida/swing/CustomersDAO.java</file>
            <file>file:/D:/Software%20DTU/java/CMUCS303_LeMinhTuan/NetBeans/DoAn/src/com/Bida/form/Form_Customers.java</file>
        </group>
    </open-files>
</project-private>
